-- phpMyAdmin SQL Dump
-- version 4.8.5
-- https://www.phpmyadmin.net/
--
-- Hôte : 127.0.0.1:3306
-- Généré le :  sam. 23 nov. 2019 à 14:38
-- Version du serveur :  5.7.26
-- Version de PHP :  7.3.5

SET SQL_MODE = "NO_AUTO_VALUE_ON_ZERO";
SET AUTOCOMMIT = 0;
START TRANSACTION;
SET time_zone = "+00:00";


/*!40101 SET @OLD_CHARACTER_SET_CLIENT=@@CHARACTER_SET_CLIENT */;
/*!40101 SET @OLD_CHARACTER_SET_RESULTS=@@CHARACTER_SET_RESULTS */;
/*!40101 SET @OLD_COLLATION_CONNECTION=@@COLLATION_CONNECTION */;
/*!40101 SET NAMES utf8mb4 */;

--
-- Base de données :  `wecomin`
--

-- --------------------------------------------------------

--
-- Structure de la table `article`
--

DROP TABLE IF EXISTS `article`;
CREATE TABLE IF NOT EXISTS `article` (
  `id` int(11) NOT NULL AUTO_INCREMENT,
  `category_id` int(11) NOT NULL,
  `title` varchar(255) COLLATE utf8mb4_unicode_ci NOT NULL,
  `content` longtext COLLATE utf8mb4_unicode_ci NOT NULL,
  `image` varchar(255) COLLATE utf8mb4_unicode_ci NOT NULL,
  `created_at` datetime NOT NULL,
  PRIMARY KEY (`id`),
  KEY `IDX_23A0E6612469DE2` (`category_id`)
) ENGINE=InnoDB AUTO_INCREMENT=16 DEFAULT CHARSET=utf8mb4 COLLATE=utf8mb4_unicode_ci;

--
-- Déchargement des données de la table `article`
--

INSERT INTO `article` (`id`, `category_id`, `title`, `content`, `image`, `created_at`) VALUES
(3, 1, 'Est non consequatur ut quos tenetur.', '<p>Quo ea nisi nesciunt non dolores eum. Doloremque dolorem eos nihil laboriosam amet voluptas. Sed minima minima quia. Ut voluptates non consectetur.</p><p>Dignissimos quasi quia accusamus debitis voluptatem. Sed amet nihil et illo pariatur. Et ea consequatur nostrum eum. Laborum quis dolor at dignissimos.</p><p>Perferendis quis alias quam temporibus est dolores id. Est asperiores quia consequatur omnis quas dolores mollitia ducimus.</p><p>Minus ut ex inventore laborum officia. Sapiente itaque voluptatibus enim provident. Omnis repudiandae quia error et consequuntur et blanditiis.</p><p>In voluptate earum iste quisquam consequatur at. Pariatur veniam modi quidem et nesciunt eum possimus. Dolor magnam nobis nulla aut amet.</p>', 'https://lorempixel.com/640/480/?56067', '2019-07-23 00:15:54'),
(4, 1, 'Sit nobis et nesciunt rerum consectetur ut reprehenderit.', '<p>Illo quia neque dolorem alias architecto sint harum. Natus repudiandae sed nam quaerat quia deserunt. Blanditiis voluptas voluptatibus id provident sint.</p><p>Reprehenderit qui nihil id qui. Sit aut sint sit tempora. Esse atque quidem et in.</p><p>Esse laborum aut voluptatem delectus qui mollitia non. Aliquid rem soluta earum soluta voluptatibus. Repellendus in asperiores a voluptas.</p><p>Et deleniti aut ex et cumque aut. Est maxime nesciunt quidem tempore ea. Qui eum nesciunt rerum ut aliquid sed doloribus. Fuga ut veritatis dignissimos quibusdam delectus enim.</p><p>Dolores ut voluptates quasi ab sunt. Et pariatur optio ratione ad sed omnis sed.</p>', 'https://lorempixel.com/640/480/?88635', '2019-07-21 10:04:04'),
(5, 1, 'Odio aperiam velit repellendus laboriosam aut et quia et.', '<p>Autem porro est nesciunt. Voluptatem ducimus voluptas accusantium nulla nulla et. Aut id cumque molestiae consequatur. Asperiores provident et dolor ut animi sit et.</p><p>Et deleniti et voluptatem error reprehenderit. Dicta iste ea quaerat rerum voluptas occaecati nisi. Quia qui dolor vitae beatae enim esse omnis. Voluptatem quo sint commodi quia velit.</p><p>Molestias voluptas est impedit ut omnis ut. Earum cupiditate iure similique sit delectus sed.</p><p>Qui quis minus repellendus nihil. Reprehenderit eos atque nihil enim ut harum incidunt unde. Eaque ducimus iste sunt qui blanditiis hic eligendi rerum. Sunt eos eos eius modi aliquam et esse. Impedit commodi qui ea et recusandae.</p><p>In autem et ut expedita. Similique amet sunt voluptas non ex. Eos iste omnis sed laudantium exercitationem mollitia qui.</p>', 'https://lorempixel.com/640/480/?80237', '2019-08-21 14:27:47'),
(6, 2, 'Sit ipsam enim voluptatem aut consequatur sapiente.', '<p>A quo vel autem et. Quia sunt qui corrupti dolor sit. Mollitia doloremque omnis tempore quam. Reprehenderit totam consequatur eos magnam. Fuga non consequuntur quam sequi tenetur.</p><p>Dicta sit ullam explicabo eveniet beatae. Voluptas harum facilis et id. Commodi et voluptatum aut placeat sint est. Ut sed dolorem et aperiam sit.</p><p>Velit enim temporibus quod ab mollitia eum nihil. Libero repellat et autem odit fuga. Soluta exercitationem delectus vitae dignissimos eos quasi labore.</p><p>Veniam quia rerum repellendus ab non perspiciatis. Eos earum saepe culpa officia in ipsa. Perferendis deleniti repudiandae architecto officia dicta quod. Officiis at sed alias.</p><p>Ipsa accusantium eos alias ab aut officiis. Dolorum harum culpa eos dolorem. Quaerat ut labore quibusdam quia. Ex repudiandae sit sed est et aut. Harum architecto nulla dolorum assumenda tempora.</p>', 'https://lorempixel.com/640/480/?12184', '2019-06-21 10:05:08'),
(7, 3, 'Laudantium incidunt nostrum harum dolor consequuntur alias quam.', '<p>Repellendus dignissimos molestias rem similique aut. Consequuntur id corrupti vero laboriosam natus id. Quasi omnis nesciunt aut et voluptatem vero corporis.</p><p>Et provident ducimus voluptatem consectetur asperiores et. Quia est itaque molestiae officia velit. Repellat accusamus reiciendis voluptate.</p><p>Cum quod et officiis velit vel consequatur quo. Animi illum non atque ullam eius ab quo. Possimus dolore facere quos et et quod maiores. Aliquam ullam atque perferendis quo consequatur quia.</p><p>Ipsa est id esse minima nihil natus omnis. Perspiciatis veritatis et at occaecati. Ea expedita sit est quas rerum. Quas voluptas voluptates et soluta tempora quod voluptas nulla.</p><p>Maiores dolor in et quos aut. Deserunt praesentium iure repellendus et ut quia. Ullam excepturi veniam molestiae est at consequatur reiciendis.</p>', 'https://lorempixel.com/640/480/?54815', '2019-06-15 03:41:44'),
(8, 2, 'Delectus veritatis corporis sit rerum.', '<p>Et reiciendis dolorem ut tenetur. Architecto et autem sunt debitis deleniti voluptates culpa aliquid. Magni nobis ut sunt eum molestiae. Esse similique perspiciatis eum dolorem mollitia quibusdam.</p><p>Laboriosam velit non atque non harum consequuntur illum. Repellat et sapiente tempora aliquam. Consectetur et quibusdam nesciunt eum officia est.</p><p>Cumque ut modi reiciendis. Nostrum perferendis tempore non eum iure est. Quibusdam recusandae dolor nesciunt voluptatem fugiat nemo aut.</p><p>Cumque reiciendis velit facere corrupti. Dicta voluptatibus ea totam. Ea nesciunt id aliquid. Cupiditate harum eos et omnis id distinctio.</p><p>Nihil repellendus officiis dolorem id molestias dolores. Qui consequatur modi id iste nihil et. Explicabo totam ad asperiores a rerum aspernatur eveniet. Ipsam sit reprehenderit sint et velit.</p>', 'https://lorempixel.com/640/480/?60788', '2019-10-01 16:02:06'),
(9, 2, 'Magnam dolorem quas debitis consequatur quo aut quis.', '<p>In minus vitae aut iste ipsam ipsum. Sed harum quasi ea. Assumenda est asperiores deserunt accusantium reiciendis accusantium.</p><p>Atque rerum laboriosam architecto distinctio. Fugit eligendi eos inventore maxime. Dolorem est ex quaerat consequatur veritatis fugiat culpa.</p><p>Corrupti dolores repellendus reprehenderit beatae magni modi nostrum. Sequi eligendi ducimus sed inventore minus et. Et quos culpa corporis enim laboriosam nostrum totam. Voluptatibus quo itaque doloremque minus fuga quos necessitatibus.</p><p>Repudiandae omnis consectetur eum quas dignissimos exercitationem beatae. Non aut aut praesentium ducimus recusandae mollitia non. Et debitis cupiditate non. Molestiae animi nihil rerum dolor dolor iste provident.</p><p>Velit ut sed culpa fugit. Ullam totam illum voluptas deleniti debitis. Perferendis quia aperiam et nobis cum sequi ea. Tempora corrupti nihil distinctio et sed impedit optio.</p>', 'https://lorempixel.com/640/480/?27481', '2019-11-08 08:20:36'),
(10, 2, 'Repellat impedit nihil facere occaecati et illo architecto.', '<p>Sed voluptatem consequuntur esse tempora. Nemo impedit placeat assumenda dolorum molestiae. Corrupti mollitia nihil modi dolorum quo quasi inventore.</p><p>Et tempora autem est qui vel est quaerat sit. Dolores quia ratione ut eum aut. Culpa magni sit quia. Impedit illo delectus quo.</p><p>Recusandae reprehenderit repellat et recusandae eaque asperiores molestiae. Qui quaerat eveniet sed dolores eos et. Iure sapiente qui magnam cumque tempore molestiae.</p><p>Facilis qui et labore expedita reiciendis omnis perferendis. Quis maxime nam explicabo facilis eum id. Accusantium ut voluptas placeat modi commodi provident vel. Non odit quia accusamus consequatur.</p><p>Non voluptatem deserunt et sit accusantium dolorem officia odit. Sed incidunt voluptatibus voluptatem magni est expedita. Omnis laboriosam labore voluptatem deleniti eum laboriosam. Error atque eveniet nam adipisci sint commodi est eum.</p>', 'https://lorempixel.com/640/480/?58779', '2019-06-01 07:38:02'),
(11, 2, 'Quisquam sit reprehenderit provident sit voluptas sunt sed.', '<p>Inventore vel ut unde eaque porro deserunt. Non voluptatem quia sed dignissimos atque ullam. Repudiandae sed dignissimos aspernatur quia.</p><p>Inventore molestias iste et optio. Veniam nostrum tempore ut consequatur aut molestiae nemo totam. Vitae laudantium quibusdam voluptas enim qui. Ex dignissimos non sint autem autem praesentium.</p><p>Laboriosam sed asperiores consequatur nam facilis quis dolorem. Et voluptatum temporibus eveniet nesciunt assumenda.</p><p>Voluptate suscipit rem hic quae. Fuga aliquid perspiciatis hic odio repellendus aut.</p><p>Ut nostrum dolorum eos voluptas minima. Omnis et delectus aut nobis vel minima. Vitae mollitia voluptatibus qui quisquam cumque deserunt.</p>', 'https://lorempixel.com/640/480/?74236', '2019-05-31 21:54:44'),
(12, 3, 'Illo repudiandae impedit facere deleniti mollitia ut officia.', '<p>Rerum ut corrupti ut eos. Explicabo quod possimus corrupti impedit ipsa repudiandae culpa. Cum et optio veritatis et reiciendis et sit. Molestiae culpa quod culpa animi error sed ut.</p><p>Dolores occaecati corporis doloremque quos. Eos et rem dolor atque.</p><p>Id qui pariatur dolores dolorem. Non ducimus minus ipsa eum enim voluptatibus quibusdam. Corporis aut optio nemo eveniet vel est vero. Autem id est reiciendis sunt eum et.</p><p>Et odio quidem ut alias dolores. Omnis omnis at similique incidunt. Consequatur rerum sint voluptatem cum. Accusamus non fuga id culpa.</p><p>Id eum architecto nemo soluta ut explicabo. Officiis officia soluta qui ut. Dolorem aut soluta recusandae est.</p>', 'https://lorempixel.com/640/480/?66970', '2019-09-24 00:38:37'),
(13, 3, 'Enim quidem qui ipsum quisquam.', '<p>Mollitia enim molestiae officia optio eveniet quae et. Eaque dolores ut quo sed dolorem et. Iusto ut et voluptas optio consectetur a. Placeat modi et autem.</p><p>Non nulla sint et sunt culpa est asperiores. Eos perferendis consectetur exercitationem consectetur labore. Aut cum veritatis architecto est. Autem rerum et quibusdam consequuntur.</p><p>Sint iusto qui ab nihil qui qui. Et sunt sapiente accusamus et. Maiores et ut eos numquam qui.</p><p>Quisquam sed ullam ut consequatur ex. Nihil eligendi corrupti voluptate ullam non corporis. Dolorem vero rerum dicta voluptas pariatur. Vitae omnis architecto nihil voluptates quibusdam laboriosam.</p><p>Tempore eum est placeat quasi explicabo nobis. Et iste est rerum placeat consequatur consequatur excepturi.</p>', 'https://lorempixel.com/640/480/?92372', '2019-05-31 10:37:50'),
(14, 3, 'Voluptas culpa ex veritatis debitis.', '<p>Eius rem est itaque aspernatur sint. Asperiores laboriosam illo dignissimos dolorem. Dolorem autem voluptatem voluptatem.</p><p>Dolore fuga laborum voluptates repellat sed asperiores atque. Sunt maiores quia aliquid quia omnis iure. Suscipit dolores eveniet consequatur reprehenderit.</p><p>Laborum mollitia temporibus minus iusto sunt quo. Natus provident aperiam enim corrupti accusantium officia. Ut voluptatem expedita iusto accusantium repudiandae quia.</p><p>Repellat commodi officia aut rerum qui magnam. A recusandae voluptas sed iusto ea itaque. Consequatur sed deleniti molestias qui magnam. Minima perferendis veritatis ex reprehenderit facere. Quia enim iure reiciendis molestiae earum quibusdam.</p><p>Libero vel minus tempora iusto. Id voluptas veniam voluptatum in nobis et. Deleniti atque aperiam repellendus velit corrupti.</p>', 'https://lorempixel.com/640/480/?63055', '2019-06-09 22:40:30'),
(15, 3, 'Et consequatur ipsum dolores non ea.', '<p>Voluptatum ut odio excepturi at architecto vel. Nihil rerum distinctio ut omnis accusantium assumenda animi. Quos hic aut et quod voluptatem sunt explicabo. Et alias rem cumque omnis est.</p><p>Voluptate eum porro quia officiis. Natus repudiandae in est adipisci ab. Ad sed commodi vel veritatis.</p><p>Saepe deleniti mollitia in perspiciatis. Non quia non quisquam mollitia accusamus quo voluptatem. Atque aut dolores enim illum quaerat voluptatem animi quis.</p><p>Cupiditate eius natus dignissimos culpa. Voluptates voluptas voluptate quos minus eligendi consectetur. Et mollitia cumque ipsam aspernatur suscipit. Non adipisci possimus sed praesentium est sequi enim.</p><p>Fuga quam assumenda similique qui dolorem qui. Ipsam provident minima nihil eveniet debitis. Molestiae odit vel velit tempore ipsum. Aut reprehenderit labore unde voluptatibus harum repellat similique.</p>', 'https://lorempixel.com/640/480/?24848', '2019-10-25 15:52:37');

-- --------------------------------------------------------

--
-- Structure de la table `category`
--

DROP TABLE IF EXISTS `category`;
CREATE TABLE IF NOT EXISTS `category` (
  `id` int(11) NOT NULL AUTO_INCREMENT,
  `title` varchar(255) COLLATE utf8mb4_unicode_ci NOT NULL,
  `description` longtext COLLATE utf8mb4_unicode_ci,
  PRIMARY KEY (`id`)
) ENGINE=InnoDB AUTO_INCREMENT=4 DEFAULT CHARSET=utf8mb4 COLLATE=utf8mb4_unicode_ci;

--
-- Déchargement des données de la table `category`
--

INSERT INTO `category` (`id`, `title`, `description`) VALUES
(1, 'Quaerat dolor voluptatem exercitationem commodi amet nesciunt.', 'Delectus culpa eum id accusamus sint necessitatibus. Quis consequatur iusto aut qui enim numquam. Minus veniam omnis ipsa est maxime. Placeat distinctio corporis quibusdam vel. Quam deleniti quibusdam ut voluptatem omnis aliquid explicabo.'),
(2, 'Adipisci vitae blanditiis eos assumenda.', 'Quasi dolorem aut deleniti ut omnis veniam illum. Sunt libero et voluptatibus et recusandae voluptatum expedita. Voluptatem est non esse enim eum. Sunt hic itaque eum.'),
(3, 'Sed ab quisquam impedit veniam qui mollitia aut vel.', 'Illum error eius recusandae. Sit libero officiis delectus accusamus. Sint pariatur et qui aut.');

-- --------------------------------------------------------

--
-- Structure de la table `comment`
--

DROP TABLE IF EXISTS `comment`;
CREATE TABLE IF NOT EXISTS `comment` (
  `id` int(11) NOT NULL AUTO_INCREMENT,
  `article_id` int(11) NOT NULL,
  `author` varchar(255) COLLATE utf8mb4_unicode_ci NOT NULL,
  `content` longtext COLLATE utf8mb4_unicode_ci NOT NULL,
  `created_at` datetime NOT NULL,
  PRIMARY KEY (`id`),
  KEY `IDX_9474526C7294869C` (`article_id`)
) ENGINE=InnoDB AUTO_INCREMENT=93 DEFAULT CHARSET=utf8mb4 COLLATE=utf8mb4_unicode_ci;

--
-- Déchargement des données de la table `comment`
--

INSERT INTO `comment` (`id`, `article_id`, `author`, `content`, `created_at`) VALUES
(15, 3, 'Hélène Renard', '<p>Minus tenetur vel autem minus. Quas commodi temporibus et. Aspernatur laudantium ut qui omnis ut qui. Delectus optio sed modi velit sint nihil magni.</p><p>Necessitatibus ut autem maiores quo. Laudantium sit excepturi iusto ratione consequatur saepe et architecto. Facere facere nostrum nisi quia quasi distinctio.</p>', '2019-08-18 04:38:15'),
(16, 3, 'Nicolas Vaillant-Gillet', '<p>Voluptas voluptas rerum et aut. Minima non possimus ea. Officia ipsum sunt reprehenderit enim quia ipsam nam.</p><p>Magni quis tempora aut. Suscipit eius dolorum asperiores qui et placeat at. Nostrum veritatis totam ipsam omnis sed expedita. Et vitae commodi natus laborum.</p>', '2019-11-03 04:25:42'),
(17, 3, 'Maurice Alves', '<p>Animi animi esse dolorem aut doloribus nihil. Id veniam atque voluptates alias sed occaecati.</p><p>Iusto odit cum corrupti. Praesentium sed qui consequatur animi. Et nemo iure natus et. Ratione doloremque qui est et non.</p>', '2019-08-04 20:33:07'),
(18, 3, 'Étienne Richard', '<p>Fugit perferendis nemo quo. Consequatur ut molestiae eveniet eaque in amet occaecati. Aliquid iure velit temporibus dolor sit.</p><p>At et dignissimos quo eveniet nulla vel. Voluptatem eos et placeat delectus blanditiis aut cum. Perspiciatis voluptatem ipsam quia consequatur accusantium. Sit voluptas ea vitae dolorem qui praesentium.</p>', '2019-09-25 02:21:30'),
(19, 3, 'Éléonore Delmas', '<p>Fuga est minima aliquid rerum illum dolores. Veritatis quaerat dolores nihil.</p><p>Est voluptatum quidem nihil repellat. Sit quisquam distinctio laboriosam nemo. Velit iure odio est distinctio odit blanditiis. Error id veniam aut voluptates quis consequatur esse.</p>', '2019-09-15 08:08:45'),
(20, 3, 'Astrid Durand', '<p>Fugit ea dolores ipsam consectetur possimus dignissimos harum quis. Consectetur veritatis harum porro. Odit quam magni nostrum illo velit nulla est. Illo sunt est consequatur impedit adipisci assumenda.</p><p>Ipsum aliquam illo nesciunt dolorem sint aut. Praesentium vero qui veritatis iusto et dolore soluta nesciunt. Veniam et provident sint officiis incidunt nesciunt. Autem aliquid aut esse voluptates qui.</p>', '2019-09-03 20:39:21'),
(21, 3, 'Marianne Blanchet', '<p>Repellendus esse voluptatem maxime sed qui iste. Nemo quia voluptas qui eos sapiente quaerat. Qui minus voluptas mollitia rem harum est libero. Aperiam facilis eaque harum dolorum sint.</p><p>Debitis magnam ea laborum quia et non. Est recusandae aperiam voluptate expedita. Sunt vel doloribus perspiciatis incidunt.</p>', '2019-09-06 20:24:00'),
(22, 4, 'Alfred Meunier', '<p>Non totam maxime necessitatibus in ut sunt. Repellendus harum dolor corporis cupiditate atque et. Temporibus repellat sit qui quos quia.</p><p>Beatae ut in velit aut. Non aut laborum aliquid sit. Consequatur qui dolorem doloribus aut.</p>', '2019-10-23 01:46:34'),
(23, 4, 'Arthur Laine', '<p>Velit et qui iste et. Consequatur sapiente autem minus eligendi autem voluptatem consequuntur. Ullam ut quis sint cupiditate cupiditate exercitationem architecto.</p><p>Ut sit explicabo rerum veniam. Error deserunt accusamus sint praesentium temporibus quis vel ea. Aut dolores sunt eos aut. Harum fugit pariatur sed debitis officia laborum velit.</p>', '2019-08-26 15:37:46'),
(24, 4, 'Jean Richard', '<p>Veritatis ut occaecati aliquam qui. Aut velit rerum quia at quis velit modi. Voluptatum laudantium minima quaerat quam ut id ratione. Illum tenetur veniam iusto dolorem dolorem. Exercitationem illo voluptas provident aut.</p><p>Deleniti esse vel et culpa dolor. Ducimus consectetur qui quia nulla eius. Aspernatur laudantium exercitationem dolor omnis. Aliquid id enim vitae culpa.</p>', '2019-08-04 21:47:19'),
(25, 4, 'Rémy Bouchet', '<p>Ut nesciunt alias quos qui enim nemo accusamus. Sit nihil voluptas aut quo at. Corrupti earum at quia non est provident molestias. Nam accusamus fugiat excepturi iusto dolores ipsum omnis.</p><p>Saepe saepe nihil dolorum ut consequuntur eum. Eos delectus temporibus eligendi esse adipisci nostrum ut. Velit molestiae nam et dolores quis totam. Ut est nostrum aliquam.</p>', '2019-11-06 14:29:47'),
(26, 4, 'Élodie de la Perret', '<p>Incidunt perspiciatis hic aliquid velit. Natus sit sequi rerum quod quis aut.</p><p>Totam voluptatem itaque ut. Sunt sit minima modi aliquid quibusdam illo blanditiis nam. Id est qui officiis explicabo ipsa nostrum deleniti.</p>', '2019-09-23 01:07:36'),
(27, 4, 'Michel-Christophe Berthelot', '<p>Sint reiciendis sequi omnis. Facilis corrupti officia natus eos. Est fugiat dolorem occaecati aut aut velit.</p><p>Neque modi pariatur dolor sit. Eos omnis ipsum vel adipisci.</p>', '2019-09-29 09:38:42'),
(28, 4, 'Thérèse Louis', '<p>A eveniet deleniti fuga dolorem ex. Suscipit dignissimos laborum error sunt eaque. Voluptatem distinctio magnam qui deserunt asperiores et soluta magni. Laudantium vero reprehenderit aliquam autem eveniet dolores.</p><p>Et ut tempore voluptatem laborum perspiciatis. Aut qui voluptates eos molestias dolorem eos. Animi repellendus itaque eum. In iusto provident nihil harum.</p>', '2019-10-22 07:05:21'),
(29, 5, 'Suzanne De Oliveira', '<p>Odit officia est voluptas consequatur minima qui. Est explicabo ea voluptate rerum. Ut unde doloremque delectus suscipit molestias. Ut esse sed magnam quis.</p><p>Sequi porro necessitatibus deleniti et alias sapiente. A cupiditate et voluptatem perspiciatis harum perferendis harum quaerat. Nihil perferendis autem veritatis porro et ut reiciendis. Est voluptatem harum autem dolorum.</p>', '2019-10-10 22:26:02'),
(30, 5, 'Léon Mary', '<p>Deserunt est vero aut doloremque est facere. Est itaque qui officiis molestias possimus. Officiis ut dolores nihil est totam.</p><p>Sint officia voluptates veniam aut. Impedit eveniet expedita totam reiciendis commodi reiciendis. Provident enim est eos et. Dolor atque quod adipisci dolor tempora illo commodi.</p>', '2019-11-07 14:49:12'),
(31, 5, 'Alphonse Pereira', '<p>Neque ea ab veritatis sequi sint voluptas quasi. Dolor omnis molestiae consequuntur illo minus iure. Harum voluptas qui repudiandae sint dolorem eos. Nesciunt necessitatibus explicabo necessitatibus quos assumenda.</p><p>Veniam vel nihil quo expedita autem. Provident explicabo omnis veniam quibusdam ut distinctio similique atque. Ea cum autem sed odit deleniti eligendi impedit.</p>', '2019-11-18 05:35:19'),
(32, 5, 'Sophie Pineau', '<p>Dolor voluptatibus cum consequatur eligendi ea laborum. Exercitationem suscipit non dolor et in. Aut laudantium eos quaerat porro voluptatem. Cupiditate voluptatum voluptatum et omnis.</p><p>Impedit temporibus mollitia voluptatem porro sed fuga. Unde et iste similique pariatur reiciendis vitae soluta eos. Possimus ab perspiciatis est.</p>', '2019-10-19 14:33:54'),
(33, 5, 'Hugues Maillot', '<p>Odit qui et ducimus qui. Tempore et eum nam consectetur. Et dolorem minus quam atque vero et quia. Laudantium voluptatibus animi hic accusantium.</p><p>Exercitationem labore aut quos aut. Non consectetur quia qui necessitatibus. Molestiae ratione nihil suscipit laborum voluptates similique dolorum. Fuga esse amet ex.</p>', '2019-11-06 03:46:08'),
(34, 6, 'Claudine Bernier', '<p>Eius ea et repellendus quo. In beatae omnis praesentium placeat commodi. Quia doloribus veniam itaque ducimus eos est.</p><p>Voluptatum et non non. Debitis distinctio esse dignissimos voluptatum. Sed aliquam aut velit voluptatem consequatur voluptatem magni.</p>', '2019-10-17 12:50:34'),
(35, 6, 'Xavier de Texier', '<p>Rerum maxime non eum quo voluptas. Quas aperiam tempora sunt deleniti libero velit et. Possimus adipisci cupiditate animi ducimus nobis et. Eligendi natus animi ut sit placeat aut.</p><p>Incidunt dolorem quos quibusdam. Pariatur voluptatum deleniti quod quod enim culpa aut. Sint aut provident accusamus unde facere architecto.</p>', '2019-07-07 06:37:07'),
(36, 6, 'Constance-Marianne Hernandez', '<p>Est consequuntur et impedit ipsa. Et animi et quam harum voluptas a tempore. Est ea quas sequi et blanditiis alias tempora. Facere odio aut et ea quia velit suscipit.</p><p>Et voluptatem hic vel. Sed perferendis blanditiis sunt. Quam totam omnis et eius iste itaque dolorem velit. Soluta laudantium reprehenderit ut voluptate.</p>', '2019-09-18 05:43:50'),
(37, 6, 'Philippe Delaunay', '<p>Est quae id eveniet ea velit. Enim sit maiores sed soluta vero fugit. Repellendus eos ut reiciendis est et. Omnis autem error occaecati natus ea fuga saepe.</p><p>Nam atque occaecati soluta quasi omnis necessitatibus. Mollitia omnis sapiente omnis placeat nisi ut qui. Minus eum et hic consequuntur.</p>', '2019-11-14 10:18:01'),
(38, 6, 'Julien Gerard', '<p>Minus et qui et excepturi architecto. Non voluptate enim facilis. Hic quia autem accusantium sint numquam natus facilis.</p><p>Velit recusandae ea earum rerum. Enim voluptatibus eveniet enim quasi ratione maxime porro. Sed consequatur iste aut quasi. Iste autem fuga in nesciunt ad eos.</p>', '2019-08-21 13:58:40'),
(39, 6, 'Jean Le Colas', '<p>Cumque sit ut est ullam blanditiis. Distinctio ducimus quia et dolores quia totam. Et et ut quia laudantium vel.</p><p>Occaecati at facilis aut in fuga ducimus recusandae. Enim rerum voluptatem autem facere. Praesentium ullam non esse dignissimos. Ab atque debitis sit quasi illum iure.</p>', '2019-09-20 09:18:21'),
(40, 7, 'René Leroy', '<p>Inventore qui ut atque minima non. Animi pariatur est non nihil. Et aperiam alias eos est distinctio nam consectetur. Nihil enim illo commodi ex eum dolor iusto.</p><p>Voluptas adipisci beatae non et iste soluta et. Ea quae ut deleniti aut voluptas. Eaque repellendus dolorum reiciendis odit.</p>', '2019-11-02 02:56:05'),
(41, 7, 'Tristan Marechal', '<p>Saepe consequatur non minus itaque eum eveniet laborum. Velit ipsa enim molestiae et. Magni ad a labore totam aut. Quia quasi aut voluptas laboriosam eius provident.</p><p>Excepturi cupiditate asperiores nisi necessitatibus. Officiis quis aliquam ratione ut molestias quasi. Aut qui expedita provident aut animi nobis aut.</p>', '2019-06-25 07:33:26'),
(42, 7, 'Isaac Benoit', '<p>Facilis est totam sed officia et ut. Doloremque sed consequuntur est mollitia ea eligendi aspernatur. Perferendis rerum officiis modi ea voluptatem ea.</p><p>Enim quod alias aut iure soluta et consequatur. Voluptas ut voluptas nulla mollitia iusto ullam rerum. Maiores quaerat omnis doloribus est. Omnis quibusdam maxime et cupiditate.</p>', '2019-08-19 22:42:18'),
(43, 7, 'Guillaume Breton', '<p>Sequi praesentium dicta sunt perferendis repudiandae temporibus. Cumque illo rerum quis autem atque. Asperiores deleniti asperiores vitae et voluptatem.</p><p>Quia consequatur et qui aut sed incidunt vero. Sequi dolor doloribus commodi mollitia. Quaerat rerum corrupti accusantium ipsa sunt. Quo ut odio autem libero aut.</p>', '2019-11-15 17:00:43'),
(44, 8, 'Juliette-Maryse Salmon', '<p>Fuga atque accusamus iure veritatis est voluptatem quia. Sed officiis qui asperiores atque aut et ut. Quas recusandae tempore rerum nemo iusto nihil.</p><p>Modi accusantium ea consequuntur facilis earum. Atque culpa et modi dolorum. Quos dolores quia quaerat pariatur aspernatur. Unde nihil corporis atque consequatur provident.</p>', '2019-11-17 18:43:59'),
(45, 8, 'Zacharie Olivier', '<p>Et accusantium consectetur adipisci id dignissimos tempora enim. Distinctio recusandae explicabo dolores ut perferendis. Necessitatibus ex quia voluptatum minima reprehenderit fugiat explicabo. Assumenda maxime rerum et error velit debitis.</p><p>Suscipit cupiditate ea et architecto dolores qui illum enim. Harum et enim voluptatem blanditiis sit numquam. Perspiciatis laborum incidunt repudiandae aut voluptatibus est ea.</p>', '2019-10-10 08:53:30'),
(46, 8, 'Gilles Bonneau', '<p>Rerum ut dolore rerum voluptatem quis labore. In id ipsum ut repudiandae vero. Praesentium earum qui ea perspiciatis. Iure harum voluptate autem aut.</p><p>Eveniet recusandae quo quisquam et. Doloribus sapiente totam et quo. Velit quis beatae et culpa ipsam. Quisquam voluptatum unde qui velit aliquam sint quia.</p>', '2019-10-12 00:58:03'),
(47, 8, 'Léon Deschamps', '<p>Soluta aliquam totam repudiandae ullam ipsum earum soluta. Assumenda minus temporibus quisquam sunt qui. Expedita commodi quis eum inventore. Autem distinctio esse velit earum excepturi id possimus.</p><p>Accusantium qui optio quae ipsa natus quia velit. Accusamus exercitationem aspernatur dolor aut. Cumque harum consequuntur laboriosam et sint rerum neque. Voluptatem mollitia quo voluptas harum. Quo eos in enim inventore numquam voluptatibus et.</p>', '2019-11-10 22:14:55'),
(48, 8, 'Patricia Mary', '<p>Explicabo temporibus ducimus illo. Laudantium officiis dolorem non libero provident maxime. Assumenda et aut nam quo. Incidunt soluta repellat exercitationem recusandae culpa in est.</p><p>Rerum porro iure maxime impedit repellat commodi. Qui est sed quidem. Nobis quos aspernatur debitis numquam molestias. Dolores vel rerum perspiciatis et recusandae quaerat in.</p>', '2019-11-09 11:25:07'),
(49, 9, 'Françoise Neveu-Barre', '<p>Voluptas deserunt sed dolor nulla non ipsa quia. Non atque voluptate cum sed eaque et eos. Corrupti ullam ipsa blanditiis et praesentium et. Inventore nihil minima aut dolorem molestiae vitae et.</p><p>Est ex sed id sunt eos est amet distinctio. In sint minima eos quia. Quaerat delectus vel tempora quia non.</p>', '2019-11-16 11:45:11'),
(50, 9, 'Roland Boutin-Roussel', '<p>Hic laborum fugit dolorem. Eius maiores vel occaecati impedit dolores sint sed. Quo consequatur et recusandae cum molestiae voluptatem.</p><p>Esse recusandae necessitatibus quae nam eligendi quis sunt reprehenderit. Hic ad sed inventore aperiam sint est alias.</p>', '2019-11-08 23:15:01'),
(51, 9, 'Patricia Sauvage', '<p>Qui doloribus repellat aut rerum voluptatem adipisci. Delectus et sapiente voluptas quis nostrum. Facere neque voluptatem quia voluptatem et eum. Sed aut doloribus eum nobis perspiciatis et hic ipsam.</p><p>Aut labore facilis et aut quis. Odit odit nihil aut delectus facilis dolore modi. Quae consequatur hic cupiditate consectetur fuga nisi. Vero veritatis ipsam eveniet magni. Doloremque sapiente perspiciatis voluptas dolores iusto ut dignissimos non.</p>', '2019-11-09 00:32:05'),
(52, 9, 'Laure Voisin', '<p>Cumque eum natus quod sapiente. Rerum adipisci dolores quis. Magnam qui inventore pariatur omnis sed dolorum.</p><p>Corporis consequuntur aliquid non. Assumenda cupiditate aut officiis. Ratione id aut et. Possimus incidunt dignissimos sit quod.</p>', '2019-11-14 02:01:51'),
(53, 9, 'Roger Roy', '<p>Nam ut quisquam quae totam minima. Ipsum delectus quod in. Soluta ut est perspiciatis sapiente porro ea consectetur veniam. Velit ea doloremque ducimus recusandae.</p><p>Repellat esse est vel quia suscipit cumque perspiciatis. Est velit doloribus atque vel eos deleniti dolores. Distinctio qui aut temporibus unde quia perspiciatis hic. A voluptates tempore accusamus dolore.</p>', '2019-11-16 05:38:51'),
(54, 9, 'Virginie de Coulon', '<p>Cum tenetur ut necessitatibus est dolorem quia. Velit vel dolorem sunt magnam nostrum ut et. Ipsam labore hic recusandae porro et. Tenetur sed aut quia non unde.</p><p>Nisi eos fuga quaerat nostrum. Sint qui et quia quis omnis. Ullam aspernatur libero error ut recusandae inventore similique.</p>', '2019-11-10 16:27:11'),
(55, 10, 'Catherine-Pénélope Peron', '<p>Facere nam quo quis ducimus. Quis sunt officia laudantium voluptatem qui asperiores quae. Perferendis dolores vel ut a doloremque et minima.</p><p>Eum iste itaque debitis asperiores maiores repellat. Vitae in cupiditate minus voluptas hic quibusdam id.</p>', '2019-06-13 03:50:16'),
(56, 10, 'Claudine-Isabelle Faivre', '<p>Numquam inventore quas nemo dignissimos necessitatibus ut. Et aspernatur dolores incidunt qui. Fugiat voluptatum voluptatibus nihil omnis. Inventore non et est deserunt fugiat rerum architecto.</p><p>In incidunt id impedit qui minima aut doloremque dolores. Doloribus pariatur ipsa vel odio. Dolorum voluptas est modi consectetur.</p>', '2019-08-15 08:52:19'),
(57, 10, 'Adrien Boulay', '<p>Voluptatem neque officia eum qui. Dolore ex omnis laudantium repellendus et alias nemo deserunt. Dolor qui iure ad fuga ut.</p><p>Pariatur assumenda rerum maiores ut fugit. Qui atque minus deleniti et itaque aut. Voluptatem cumque et nesciunt dolor odio exercitationem dolores.</p>', '2019-10-30 20:36:22'),
(58, 10, 'Franck Thierry', '<p>Minus minus quibusdam et magnam deleniti sint rerum nulla. Fugiat saepe repellendus illum aperiam ut numquam eligendi. Ut dignissimos repellendus consequuntur repellendus dicta ipsam impedit.</p><p>Modi tempora rerum iure iste. Corporis culpa neque illum impedit consectetur ea. Officia ullam et aperiam distinctio quisquam. Saepe aut non atque quae natus quidem.</p>', '2019-09-10 08:06:04'),
(59, 10, 'Astrid Michaud', '<p>Est explicabo aut assumenda et repellendus ut minus. Odio quo autem voluptatem omnis sed ut aliquam. Corrupti quia dolores quis omnis quo blanditiis illo non.</p><p>Molestiae dolorem in alias eveniet amet aspernatur quia. Dolorum similique necessitatibus rerum quae est ut blanditiis. Soluta voluptas possimus et incidunt inventore architecto neque. Vero rerum enim sint iusto aut.</p>', '2019-10-06 02:04:19'),
(60, 10, 'Arthur Roche', '<p>Vel facilis unde non vel porro ut totam temporibus. Quia qui rerum vel et. Dolores voluptatem modi inventore dolore nesciunt dolorem.</p><p>Pariatur rerum distinctio vitae occaecati qui hic perspiciatis. Unde facilis omnis eveniet quasi cum occaecati laborum officiis. Aliquam et consectetur aperiam adipisci neque voluptatem autem. Qui magni labore animi nesciunt reprehenderit id nesciunt unde. Voluptatem quo delectus omnis qui unde voluptatem fugit sint.</p>', '2019-06-24 17:30:35'),
(61, 10, 'Henriette Munoz', '<p>Blanditiis voluptatem vel hic soluta. Eum odio exercitationem sed numquam odit laudantium ut. Ipsam et voluptatem et amet. Dolor rerum id nemo voluptatem.</p><p>Nam enim voluptatibus provident accusantium voluptatum aut ut. Est et et et sed explicabo quia dolores.</p>', '2019-07-17 12:11:28'),
(62, 10, 'Eugène Rousset', '<p>Est laboriosam reprehenderit maxime dicta qui cupiditate aut. Molestiae dolore delectus voluptas atque repudiandae. Veniam soluta ipsam quo consequatur. Nesciunt aut repudiandae repellat.</p><p>Voluptate non id ea. Sit ex quia quidem distinctio accusantium eaque. Debitis necessitatibus sint molestiae deserunt fugiat corporis. Voluptatem qui non quibusdam natus rem.</p>', '2019-09-12 09:52:04'),
(63, 11, 'Céline Da Costa', '<p>Fugit quis tempora rerum illo. Iusto asperiores ut dicta exercitationem ipsa. Molestiae vel dolor sit provident quasi.</p><p>Saepe quo sunt sit laborum sed libero recusandae. Nulla aperiam odit quis optio et.</p>', '2019-07-23 05:34:07'),
(64, 11, 'Henri Le Goff', '<p>Sed illo consequatur ut provident rem sequi officia. Magnam quis quia delectus eveniet eos laborum. Consequuntur impedit quidem non sequi alias quis et. Sequi voluptas rem eum alias sed et quia.</p><p>Magnam laborum iusto et ut qui cupiditate dolore. Accusamus aliquid aut nisi enim fugit. Eaque aut autem aut illo dolores nulla. Quia voluptates id excepturi distinctio.</p>', '2019-10-09 14:44:39'),
(65, 11, 'Anastasie Lacroix', '<p>Iure sunt ratione mollitia excepturi quaerat natus ducimus. Et atque et dolores iure. Temporibus accusantium recusandae ullam perspiciatis.</p><p>Accusamus earum excepturi voluptate est. Voluptatem ut assumenda voluptate provident officia recusandae libero. Sed repudiandae animi nihil officiis. Magnam ut non vel unde eum asperiores non. Animi voluptas inventore facilis non architecto.</p>', '2019-07-14 17:29:52'),
(66, 11, 'Michelle Delmas', '<p>Dolor quisquam et minus. Optio quaerat est est est repudiandae repellendus et. Autem autem quibusdam odit asperiores totam voluptas.</p><p>Sunt rem dolor et modi harum labore minima. Quo quis sunt dolorum veritatis dolores blanditiis culpa. Odio debitis vitae neque voluptas praesentium quibusdam. Quod provident est omnis praesentium architecto sint qui.</p>', '2019-10-22 03:32:37'),
(67, 11, 'Antoinette Olivier-Klein', '<p>Modi ea vel accusamus at. Doloremque enim et et ratione. Rerum ducimus voluptate ut quod perferendis.</p><p>Iusto ab possimus aut vero non mollitia. Sint labore exercitationem quibusdam. Fuga consequatur rerum quaerat. Harum quod qui amet vel aut voluptatibus.</p>', '2019-09-15 23:58:11'),
(68, 12, 'Anne Weber', '<p>Qui corporis odit et ipsam delectus. Vel ut aut doloribus magnam enim ea. Aut eum quis nemo consequatur.</p><p>Veritatis dicta dolores illo. Veritatis soluta reprehenderit nobis cum autem. Maxime magnam accusantium nulla iure.</p>', '2019-10-25 01:05:55'),
(69, 12, 'Joséphine Hamon', '<p>Qui sunt iure porro laborum. Molestias eveniet commodi architecto asperiores sint sint. A eum eos asperiores corrupti qui.</p><p>Deleniti sunt illum quas voluptatem laboriosam deleniti omnis ut. Qui nihil nesciunt ullam ut nulla aut. Voluptas adipisci itaque est exercitationem molestiae.</p>', '2019-10-23 12:50:37'),
(70, 12, 'Alfred-Alfred Guillaume', '<p>Doloremque perspiciatis laboriosam perferendis quam reiciendis. Rem ut facere voluptatum voluptatum. Quisquam numquam libero nobis inventore ab fugiat. Et eius aut atque necessitatibus provident et.</p><p>Non excepturi veniam omnis ducimus quia. Fugit ut a provident impedit. Occaecati odio fuga aliquam.</p>', '2019-11-14 13:03:34'),
(71, 12, 'Théodore Maillet', '<p>Est nihil quo tenetur aliquam rerum qui. Odit eveniet molestiae est quia et et. Aut quia nobis libero.</p><p>Tempore nam corporis quam labore quo voluptatem quidem. Placeat delectus aut earum nesciunt et sed. Quaerat exercitationem et rerum dolor.</p>', '2019-10-28 00:04:37'),
(72, 12, 'Bernard Vincent', '<p>Suscipit maxime voluptas modi est pariatur quis rem. Adipisci ducimus rerum aut quis voluptas. Dolores eos est esse aliquam sint.</p><p>Eos repellat ipsam ut sapiente. Laboriosam quia tenetur ex molestias qui magnam voluptate. Est facere debitis repellat corporis laudantium.</p>', '2019-09-30 18:53:59'),
(73, 13, 'Andrée Bonneau', '<p>Voluptatem sed at possimus et iusto et error. Facilis itaque sunt voluptatem rerum. Nobis ut quisquam mollitia sed. Minus nulla impedit dolores ut voluptatem.</p><p>Sequi nostrum modi dolor at. Aliquid qui dicta sit in. Neque autem est laudantium vitae magnam sint exercitationem.</p>', '2019-08-09 11:05:01'),
(74, 13, 'Inès Francois', '<p>Aut non animi explicabo voluptatem. Aliquid ipsam molestiae excepturi suscipit qui. Officia recusandae velit impedit.</p><p>Voluptas enim autem odit sint nemo assumenda. Dolor animi quisquam quia reiciendis omnis autem et. Atque debitis dolorem eligendi molestias nam.</p>', '2019-09-22 18:27:27'),
(75, 13, 'Patricia Hubert-Turpin', '<p>Natus accusantium nihil officia voluptatem consequuntur iusto error. Eos culpa qui distinctio expedita nemo. Soluta ullam veniam ipsa perferendis mollitia. Praesentium voluptas perspiciatis eum non soluta quod.</p><p>Facilis id voluptas consectetur architecto soluta. Ut praesentium incidunt suscipit exercitationem. Maxime consequatur dolorem incidunt et.</p>', '2019-08-20 04:54:10'),
(76, 13, 'Vincent de la Pierre', '<p>Et ea dolores voluptates incidunt optio rerum omnis. Numquam qui minus quis autem optio libero debitis. Suscipit distinctio iure ut temporibus quia tempora aut atque. Qui aut eveniet quibusdam consequatur.</p><p>Dolore dolorem sint quidem labore et. Amet sint nobis deleniti harum aut corporis placeat. Quisquam neque est error dolores quae. Est id vel cum aut dolor.</p>', '2019-06-13 02:35:55'),
(77, 13, 'Bernadette Diallo', '<p>Maxime quo enim doloremque quod laborum quam qui veritatis. Reiciendis facere perspiciatis qui quia necessitatibus laudantium quisquam pariatur.</p><p>Modi saepe eum quo consequatur. Eveniet ad ipsum velit rerum sit cum officiis. Veritatis maxime culpa molestias est autem a sapiente. Ducimus et quae et dolores ad odio.</p>', '2019-11-04 10:25:15'),
(78, 13, 'Christelle Joubert', '<p>Rerum animi repellendus rerum consequatur enim. Quis illum perferendis sit et doloremque praesentium eligendi. Et iure magni cupiditate molestiae ipsa nam dolorem.</p><p>Unde blanditiis est velit repellat cupiditate. Ea voluptates omnis sint voluptatem autem repudiandae ut.</p>', '2019-08-16 07:04:41'),
(79, 14, 'Margaud Leleu', '<p>Nemo iusto velit maiores doloremque provident. Voluptatibus molestiae est amet est culpa repellat. Non blanditiis rerum sed commodi id consequatur qui.</p><p>Aut dolore ipsum facilis dolorem omnis. Ducimus et et veritatis officiis quam et nesciunt. Quos et id qui rerum laborum alias. Alias commodi aut incidunt fuga. Sed quod illum ratione consequatur sed ut commodi.</p>', '2019-11-09 05:34:49'),
(80, 14, 'Colette Remy', '<p>Quasi aut corrupti animi sit. Adipisci nihil nemo recusandae labore asperiores. Repudiandae fugit consequatur et distinctio illo dolorem.</p><p>Et id explicabo consequuntur facere. Suscipit labore velit sequi illum consequatur. Rerum ab modi ea quod sequi voluptatem necessitatibus voluptas.</p>', '2019-10-01 22:19:04'),
(81, 14, 'Georges Coulon', '<p>Rerum quia non non quia quidem deserunt. Sint esse blanditiis consequatur ab et quae. Quae doloremque mollitia sint vero molestiae unde.</p><p>Molestias ipsum non ut fuga error. Accusantium et quod qui molestiae rem omnis similique deleniti. Hic voluptatem et cupiditate sed.</p>', '2019-09-06 22:24:13'),
(82, 14, 'Luce Lenoir', '<p>Atque voluptatem rem voluptas eveniet. Non provident nihil adipisci quia. Rerum molestiae reprehenderit non quis. Sit est deleniti sed fugiat ducimus nam animi repellat.</p><p>Beatae quo quia atque delectus quidem. Voluptas veniam illum ducimus aut reiciendis ullam rem. Et corporis non iusto ipsum tempora. Laboriosam dignissimos consequatur qui nulla. Sed maxime dolor error nam.</p>', '2019-10-19 17:19:22'),
(83, 14, 'Éléonore Huet', '<p>Amet odit deserunt ut ut harum consequuntur numquam iusto. Dolore similique necessitatibus totam tempore eligendi eaque odit vitae. Fuga sunt est et autem natus ut ipsam.</p><p>Temporibus et est placeat modi adipisci pariatur. Cumque suscipit et provident tempora harum excepturi nam tempora. Asperiores dicta ea commodi enim aspernatur culpa quibusdam. Beatae ipsum ut vero qui voluptatum omnis voluptatem voluptatem.</p>', '2019-07-01 13:21:08'),
(84, 14, 'Valérie-Suzanne Weiss', '<p>Qui non rerum ut quia. Sed sit natus quo quas animi officia dolores. Molestiae nihil voluptatem deserunt et nemo provident.</p><p>Fuga inventore nemo aspernatur minima. Quaerat laudantium nisi inventore nesciunt aperiam expedita. Eveniet ratione fugiat voluptatibus. Ut sint ut quos accusamus deserunt.</p>', '2019-09-11 00:59:15'),
(85, 14, 'Anastasie Rodrigues', '<p>Officiis qui aspernatur at iure error in dolorem. Est hic iure hic hic iusto fugiat. Et suscipit ut eum autem est maiores cum.</p><p>Illo suscipit dolores voluptatum repellendus et et rerum laborum. Odit officia voluptate odio recusandae provident adipisci occaecati. Sunt nostrum qui similique. Explicabo tenetur eum suscipit qui.</p>', '2019-08-30 06:32:14'),
(86, 15, 'Théodore Marques', '<p>Dolores voluptate similique quos praesentium. Aut praesentium rerum doloribus deserunt recusandae. Architecto at est laudantium voluptatibus assumenda quos dolor mollitia.</p><p>Doloremque aliquam animi nulla odit rerum voluptate. Laudantium odio qui aut non aliquam dolorem ut.</p>', '2019-11-05 13:26:48'),
(87, 15, 'Philippine Charpentier-Hebert', '<p>Nesciunt ducimus praesentium quasi provident quas reprehenderit quae dolores. Architecto tempore doloribus voluptates itaque consequatur.</p><p>Impedit rerum qui eos non. Aut id dolore omnis vel numquam. Mollitia cupiditate sunt quis sint nostrum non ut.</p>', '2019-11-16 01:17:46'),
(88, 15, 'Juliette-Sabine Monnier', '<p>Sint eligendi perspiciatis illo alias accusamus dolor numquam. Ut itaque et quod aspernatur.</p><p>Earum ex corporis sequi dolore culpa. Ut autem ut at eligendi laudantium ea. Sed itaque incidunt commodi sunt laborum.</p>', '2019-10-30 00:58:34'),
(89, 15, 'Manon-Astrid Renault', '<p>Consequuntur repudiandae in quo sed. Perspiciatis recusandae quibusdam earum qui quisquam ut voluptate est. Dicta ea ut sit aperiam distinctio. Omnis eligendi voluptatem accusantium.</p><p>Eius libero sint expedita cumque eum quod ratione. Tempora iusto eum illum sint. Incidunt ipsam voluptas quaerat cum hic. Sit dicta nisi qui qui est omnis et.</p>', '2019-11-03 23:04:28'),
(90, 15, 'Océane Bazin', '<p>Dolore aut eaque consequatur iusto molestias dolorem quia. Quo velit voluptatem sint veritatis ex maxime. Nostrum asperiores consequatur a placeat aut aut expedita.</p><p>Aut tempora voluptatem aliquam quam perferendis illum sint. Ut ut velit inventore mollitia. Eum magnam unde magnam.</p>', '2019-11-02 13:43:04'),
(91, 15, 'Antoinette Joubert', '<p>Odio soluta impedit asperiores libero qui consequuntur veritatis. Sint excepturi sint ut tempora minima nesciunt. Similique eos mollitia et iure ea molestias velit facere. Eum labore sed numquam commodi porro.</p><p>Omnis est dolores quo accusantium. Consequatur tempore perferendis qui ipsam qui qui quibusdam quia. Corporis non facilis aut doloribus magnam quo laudantium. Molestiae similique sed enim sint culpa corrupti.</p>', '2019-10-31 05:25:08'),
(92, 15, 'Philippe de la Gerard', '<p>Eveniet quos ullam voluptas. Ut tempora rerum quasi expedita. Aliquid consequatur est quaerat.</p><p>Sed voluptatem voluptas rem mollitia id doloribus. Quod inventore voluptas autem ea repudiandae fuga. Omnis laudantium nihil recusandae tenetur. Velit facere in ea quo.</p>', '2019-10-28 18:09:44');

-- --------------------------------------------------------

--
-- Structure de la table `migration_versions`
--

DROP TABLE IF EXISTS `migration_versions`;
CREATE TABLE IF NOT EXISTS `migration_versions` (
  `version` varchar(14) COLLATE utf8mb4_unicode_ci NOT NULL,
  `executed_at` datetime NOT NULL COMMENT '(DC2Type:datetime_immutable)',
  PRIMARY KEY (`version`)
) ENGINE=InnoDB DEFAULT CHARSET=utf8mb4 COLLATE=utf8mb4_unicode_ci;

--
-- Déchargement des données de la table `migration_versions`
--

INSERT INTO `migration_versions` (`version`, `executed_at`) VALUES
('20191118183135', '2019-11-18 18:31:51'),
('20191118193930', '2019-11-18 19:39:54'),
('20191120163319', '2019-11-20 16:33:48'),
('20191120164035', '2019-11-20 16:40:41'),
('20191120164721', '2019-11-20 16:47:26'),
('20191120175545', '2019-11-20 17:55:53');

-- --------------------------------------------------------

--
-- Structure de la table `ordered`
--

DROP TABLE IF EXISTS `ordered`;
CREATE TABLE IF NOT EXISTS `ordered` (
  `id` int(11) NOT NULL AUTO_INCREMENT,
  `payment_type` varchar(255) COLLATE utf8mb4_unicode_ci DEFAULT NULL,
  `amount` double NOT NULL,
  `service_delivery` varchar(255) COLLATE utf8mb4_unicode_ci NOT NULL,
  `customer` int(11) NOT NULL,
  PRIMARY KEY (`id`)
) ENGINE=InnoDB AUTO_INCREMENT=173 DEFAULT CHARSET=utf8mb4 COLLATE=utf8mb4_unicode_ci;

--
-- Déchargement des données de la table `ordered`
--

INSERT INTO `ordered` (`id`, `payment_type`, `amount`, `service_delivery`, `customer`) VALUES
(1, NULL, 100, '1', 1),
(2, 'Bank card', 500, '4', 1),
(3, 'Bank card', 600, '1', 1),
(4, 'Bank card', 600, '1', 1),
(5, 'Bank card', 600, '1', 1),
(6, 'Bank card', 600, '1', 1),
(7, 'Bank card', 600, '1', 1),
(8, 'Bank card', 600, '1', 1),
(9, 'Bank card', 600, '1', 1),
(10, 'Bank card', 600, '1', 1),
(11, 'Bank card', 600, '1', 1),
(12, 'Bank card', 600, '1', 1),
(13, 'Bank card', 600, '1', 1),
(14, 'Bank card', 600, '1', 1),
(15, 'Bank card', 600, '1', 1),
(16, 'Bank card', 600, '1', 1),
(17, 'Bank card', 600, '1', 1),
(18, 'Bank card', 600, '1', 1),
(19, 'Bank card', 600, '1', 1),
(20, 'Bank card', 600, '1', 1),
(21, 'Bank card', 600, '1', 1),
(22, 'Bank card', 600, '1', 1),
(23, 'Bank card', 600, '1', 1),
(24, 'Bank card', 600, '1', 1),
(25, 'Bank card', 600, '1', 1),
(26, 'Bank card', 600, '1', 1),
(27, 'Bank card', 600, '1', 1),
(28, 'Bank card', 600, '1', 1),
(29, 'Bank card', 600, '1', 1),
(30, 'Bank card', 600, '1', 1),
(31, 'Bank card', 600, '1', 1),
(32, 'Bank card', 600, '1', 1),
(33, 'Bank card', 600, '1', 1),
(34, 'Bank card', 600, '1', 1),
(35, 'Bank card', 600, '1', 1),
(36, 'Bank card', 600, '1', 1),
(37, 'Bank card', 600, '1', 1),
(38, 'Bank card', 600, '1', 1),
(39, 'Bank card', 600, '1', 1),
(40, 'Bank card', 600, '1', 1),
(41, 'Bank card', 600, '1', 1),
(42, 'Bank card', 600, '1', 1),
(43, 'Bank card', 600, '1', 1),
(44, 'Bank card', 600, '1', 1),
(45, 'Bank card', 600, '1', 1),
(46, 'Bank card', 600, '1', 1),
(47, 'Bank card', 600, '1', 1),
(48, 'Bank card', 600, '1', 1),
(49, 'Bank card', 600, '1', 1),
(50, 'Bank card', 600, '1', 1),
(51, 'Bank card', 600, '1', 1),
(52, 'Bank card', 600, '1', 1),
(53, 'Bank card', 600, '1', 1),
(54, 'Bank card', 600, '1', 1),
(55, 'Bank card', 600, '1', 1),
(56, 'Bank card', 600, '1', 1),
(57, 'Bank card', 600, '1', 1),
(58, 'Bank card', 600, '1', 1),
(59, 'Bank card', 600, '1', 1),
(60, 'Bank card', 600, '1', 1),
(61, 'Bank card', 600, '1', 1),
(62, 'Bank card', 600, '1', 1),
(63, 'Bank card', 600, '1', 1),
(64, 'Bank card', 600, '1', 1),
(65, 'Bank card', 600, '1', 1),
(66, 'Bank card', 600, '1', 1),
(67, 'Bank card', 600, '1', 1),
(68, 'Bank card', 600, '1', 1),
(69, 'Bank card', 600, '1', 1),
(70, 'Bank card', 600, '1', 1),
(71, 'Bank card', 600, '1', 1),
(72, 'Bank card', 600, '1', 1),
(73, 'Bank card', 600, '1', 1),
(74, 'Bank card', 600, '1', 1),
(75, 'Bank card', 600, '1', 1),
(76, 'Bank card', 600, '1', 1),
(77, 'Bank card', 600, '1', 1),
(78, 'Bank card', 600, '1', 1),
(79, 'Bank card', 600, '1', 1),
(80, 'Bank card', 600, '1', 1),
(81, 'Bank card', 600, '1', 1),
(82, 'Bank card', 600, '1', 1),
(83, 'Bank card', 600, '1', 1),
(84, 'Bank card', 600, '1', 1),
(85, 'Bank card', 600, '1', 1),
(86, 'Bank card', 600, '1', 1),
(87, 'Bank card', 600, '1', 1),
(88, 'Bank card', 600, '1', 1),
(89, 'Bank card', 600, '1', 1),
(90, 'Bank card', 600, '1', 1),
(91, 'Bank card', 600, '1', 1),
(92, 'Bank card', 600, '1', 1),
(93, 'Bank card', 600, '1', 1),
(94, 'Bank card', 600, '1', 1),
(95, 'Bank card', 600, '1', 1),
(96, 'Bank card', 600, '1', 1),
(97, 'Bank card', 600, '1', 1),
(98, 'Bank card', 600, '1', 1),
(99, 'Bank card', 600, '1', 1),
(100, 'Bank card', 600, '1', 1),
(101, 'Bank card', 600, '1', 1),
(102, 'Bank card', 600, '1', 1),
(103, 'Bank card', 600, '1', 1),
(104, 'Bank card', 600, '1', 1),
(105, 'Bank card', 600, '1', 1),
(106, 'Bank card', 600, '1', 1),
(107, 'Bank card', 600, '1', 1),
(108, 'Bank card', 600, '1', 1),
(109, 'Bank card', 600, '1', 1),
(110, 'Bank card', 600, '1', 1),
(111, 'Bank card', 600, '1', 1),
(112, 'Bank card', 600, '1', 1),
(113, 'Bank card', 600, '1', 1),
(114, 'Bank card', 600, '1', 1),
(115, 'Bank card', 600, '1', 1),
(116, 'Bank card', 600, '1', 1),
(117, 'Bank card', 600, '1', 1),
(118, 'Bank card', 600, '1', 1),
(119, 'Bank card', 600, '1', 1),
(120, 'Bank card', 600, '1', 1),
(121, 'Bank card', 600, '1', 1),
(122, 'Bank card', 600, '1', 1),
(123, 'Bank card', 600, '1', 1),
(124, 'Bank card', 600, '1', 1),
(125, 'Bank card', 600, '1', 1),
(126, 'Bank card', 600, '1', 1),
(127, 'Bank card', 600, '1', 1),
(128, 'Bank card', 600, '1', 1),
(129, 'Bank card', 600, '1', 1),
(130, 'Bank card', 600, '1', 1),
(131, 'Bank card', 600, '1', 1),
(132, 'Bank card', 600, '1', 1),
(133, 'Bank card', 700, '1', 1),
(134, 'Bank card', 700, '1', 1),
(135, 'Bank card', 700, '1', 1),
(136, 'Bank card', 700, '1', 1),
(137, 'Bank card', 700, '1', 1),
(138, 'Bank card', 700, '1', 1),
(139, 'Bank card', 700, '1', 1),
(140, 'Bank card', 700, '1', 1),
(141, 'Bank card', 700, '1', 1),
(142, 'Bank card', 700, '1', 1),
(143, 'Bank card', 700, '1', 1),
(144, 'Bank card', 700, '1', 1),
(145, 'Bank card', 700, '1', 1),
(146, 'Bank card', 700, '1', 1),
(147, 'Bank card', 700, '1', 1),
(148, 'Bank card', 950, '2', 1),
(149, 'Bank card', 950, '2', 1),
(150, 'Bank card', 950, '2', 1),
(151, 'Bank card', 950, '2', 1),
(152, 'Bank card', 950, '2', 1),
(153, 'Bank card', 950, '2', 1),
(154, 'Bank card', 950, '2', 1),
(155, 'Bank card', 950, '2', 1),
(156, 'Bank card', 350, '1', 1),
(157, 'Bank card', 100, '1', 1),
(158, 'Bank card', 100, '1', 1),
(159, 'Bank card', 100, '1', 1),
(160, 'Bank card', 100, '1', 1),
(161, 'Bank card', 100, '1', 1),
(162, 'Bank card', 100, '1', 1),
(163, 'Bank card', 100, '1', 1),
(164, 'Bank card', 100, '1', 1),
(165, 'Bank card', 100, '1', 1),
(166, 'Bank card', 100, '1', 1),
(167, 'Bank card', 100, '1', 1),
(168, 'Bank card', 100, '1', 1),
(169, 'Bank card', 100, '1', 1),
(170, 'Bank card', 100, '1', 1),
(171, 'Bank card', 100, '1', 1),
(172, 'Bank card', 100, '1', 1);

-- --------------------------------------------------------

--
-- Structure de la table `service_delivery`
--

DROP TABLE IF EXISTS `service_delivery`;
CREATE TABLE IF NOT EXISTS `service_delivery` (
  `id` int(11) NOT NULL AUTO_INCREMENT,
  `title` varchar(255) COLLATE utf8mb4_unicode_ci NOT NULL,
  `description` longtext COLLATE utf8mb4_unicode_ci NOT NULL,
  `picture` varchar(255) COLLATE utf8mb4_unicode_ci NOT NULL,
  `price` int(11) NOT NULL,
  `promotion` tinyint(1) NOT NULL,
  PRIMARY KEY (`id`)
) ENGINE=InnoDB AUTO_INCREMENT=14 DEFAULT CHARSET=utf8mb4 COLLATE=utf8mb4_unicode_ci;

--
-- Déchargement des données de la table `service_delivery`
--

INSERT INTO `service_delivery` (`id`, `title`, `description`, `picture`, `price`, `promotion`) VALUES
(1, 'Découverte d\'internet', 'Apprenez à découvrir les basics d\'internet...', '/uploads/internet-5d9f0d6c681ff.jpeg', 100, 0),
(2, 'Coaching Web', 'Apprenez à utiliser internet dans votre business', '/uploads/coaching-5d9f0da8939c3-5dd941edcf204.jpeg', 250, 0),
(3, 'Internet et la sécurité', 'Surfer en toute sécurité', '/uploads/security-5da2d7f7e1a79.jpeg', 150, 0),
(4, 'Coaching d\'équipe', 'Apprenez à travailler en équipe', '/uploads/coachingTeam-5da71eef7e0ca.jpeg', 500, 0);

-- --------------------------------------------------------

--
-- Structure de la table `user`
--

DROP TABLE IF EXISTS `user`;
CREATE TABLE IF NOT EXISTS `user` (
  `id` int(11) NOT NULL AUTO_INCREMENT,
  `username` varchar(255) COLLATE utf8mb4_unicode_ci NOT NULL,
  `password` varchar(255) COLLATE utf8mb4_unicode_ci NOT NULL,
  `email` varchar(255) COLLATE utf8mb4_unicode_ci NOT NULL,
  `roles` longtext COLLATE utf8mb4_unicode_ci COMMENT '(DC2Type:array)',
  PRIMARY KEY (`id`)
) ENGINE=InnoDB AUTO_INCREMENT=9 DEFAULT CHARSET=utf8mb4 COLLATE=utf8mb4_unicode_ci;

--
-- Déchargement des données de la table `user`
--

INSERT INTO `user` (`id`, `username`, `password`, `email`, `roles`) VALUES
(1, 'cedric', '$argon2id$v=19$m=65536,t=4,p=1$SG4yaUU2MVMxamJZRTd3OA$9Y5UtAKMEQ3E3h2Oer50Yz7wzuC5eGdqYrAnYEFkFJ8', 'cedric@gmail.com', 'a:1:{i:0;s:10:\"ROLE_ADMIN\";}'),
(2, 'toto', '$argon2id$v=19$m=65536,t=4,p=1$cXBibEVZWHhvZGJRR3gyeg$jb/zwgcuhfvTitDdbkExC9mkBvR2lGJzC9DjpKJLZcU', 'toto@gmail.com', 'a:1:{i:0;s:10:\"ROLE_ADMIN\";}'),
(3, 'titi', '$argon2id$v=19$m=65536,t=4,p=1$aU4yVmVjR3ZjR0k3UE1udA$CfVGv5+vWfMmbEt6+CApqoFab+EofyxFWl1Xgxdkx6A', 'titi@gmail.com', 'a:1:{i:0;s:9:\"ROLE_USER\";}'),
(4, 'Auxane', '$argon2id$v=19$m=65536,t=4,p=1$emVOMzguWENYVEI0TnRrcQ$QSghRPawvbSLfQVwu+QFJZjWTPrFe8b+DtzAJY63WFs', 'auxane@gmail.com', 'a:1:{i:0;s:10:\"ROLE_ADMIN\";}'),
(5, 'Cécile', '$argon2id$v=19$m=65536,t=4,p=1$QmFaMU9TNTRIQnVxM1RKNA$Y1zrIlbRJA2Fa90WHh6TEdfqoiYTR07yz9WZZUaAfc4', 'cecile@gmail.com', 'a:1:{i:0;s:9:\"ROLE_USER\";}'),
(6, 'tata yoyo 2', '$argon2id$v=19$m=65536,t=4,p=1$a1pRRGd5SUdWQzJDMmp5cg$RySt0mShNYz718O37hfqjlG8B5SgrYdljPHZu8NVYCM', 'tatayoyo@gmail.com', 'a:1:{i:0;s:9:\"ROLE_USER\";}'),
(7, 'Cécile B', '$argon2id$v=19$m=65536,t=4,p=1$VFpQTVp1dWgvQ2dlR0ZuUg$uT/CKHt6bXtgdqJPObLaT57vDL2befuoPYemSk8Hig0', 'Cecile.Barge@gmail.com', 'a:1:{i:0;s:9:\"ROLE_USER\";}'),
(8, 'Pierre', '$argon2id$v=19$m=65536,t=4,p=1$blFvWTJsNEJRRWhJTWhKaw$CJXrhLlTJeWRGhkQYQHL3g07YFhqN0eZ+t2/koOUTnk', 'pierre@gmail.com', 'a:1:{i:0;s:9:\"ROLE_USER\";}');

--
-- Contraintes pour les tables déchargées
--

--
-- Contraintes pour la table `article`
--
ALTER TABLE `article`
  ADD CONSTRAINT `FK_23A0E6612469DE2` FOREIGN KEY (`category_id`) REFERENCES `category` (`id`);

--
-- Contraintes pour la table `comment`
--
ALTER TABLE `comment`
  ADD CONSTRAINT `FK_9474526C7294869C` FOREIGN KEY (`article_id`) REFERENCES `article` (`id`);
COMMIT;

/*!40101 SET CHARACTER_SET_CLIENT=@OLD_CHARACTER_SET_CLIENT */;
/*!40101 SET CHARACTER_SET_RESULTS=@OLD_CHARACTER_SET_RESULTS */;
/*!40101 SET COLLATION_CONNECTION=@OLD_COLLATION_CONNECTION */;
